apple-ipad-a16-blue,https://files.catbox.moe/uwq02b.png
apple-ipad-air-11-m4-blue,https://files.catbox.moe/fizgct.png
apple-ipad-air-13-m3-space-gray,https://files.catbox.moe/bjsi65.png
apple-ipad-air-13-m4-blue,https://files.catbox.moe/e20ts5.png
apple-ipad-mini-7-purple,https://files.catbox.moe/yckxtj.png
apple-ipad-pro-11-m5-space-black,https://files.catbox.moe/h73psz.png
apple-ipad-pro-13-m5-space-black,https://files.catbox.moe/yenyqj.png
apple-iphone-15-black,https://files.catbox.moe/585ppv.png
apple-iphone-16-black,https://files.catbox.moe/f5q9st.png
apple-iphone-16-plus-black,https://files.catbox.moe/jord6l.png
apple-iphone-16e-black,https://files.catbox.moe/9nthys.png
apple-iphone-16e-white,https://files.catbox.moe/9mizze.png
apple-iphone-17-lavender,https://files.catbox.moe/447w5v.png
apple-iphone-17-pro-cosmic-orange,https://files.catbox.moe/vycf4z.png
apple-iphone-17-pro-max-cosmic-orange,https://files.catbox.moe/p5gm2b.png
apple-iphone-17e-soft-pink,https://files.catbox.moe/g3ewdn.png
apple-iphone-air-sky-blue,https://files.catbox.moe/w31uu7.png
google-pixel-10-indigo,https://files.catbox.moe/i5qlbq.png
google-pixel-10-pro-fold-moonstone,https://files.catbox.moe/83j08r.png
google-pixel-10-pro-xl-moonstone,https://files.catbox.moe/xi8m2s.png
google-pixel-10a-lavender,https://files.catbox.moe/me49k2.png
google-pixel-11-frost,https://files.catbox.moe/yt2vxd.png
google-pixel-11-pro-canyon,https://files.catbox.moe/g81x0l.png
google-pixel-11-pro-fold-obsidian,https://files.catbox.moe/g99n63.png
google-pixel-11-pro-xl-obsidian,https://files.catbox.moe/kmuqgo.png
google-pixel-9-obsidian,https://files.catbox.moe/zrqslx.png
google-pixel-9a-iris,https://files.catbox.moe/55tb40.png
hisense-e72-128gb,https://files.catbox.moe/i6w3yg.png
hisense-h72-pro-256gb,https://files.catbox.moe/2xewgf.png
hisense-t2-64gb,https://files.catbox.moe/xhspgn.png
hisense-u207,https://files.catbox.moe/ayl1ea.png
hmd-key-32gb,https://files.catbox.moe/a6z0jx.png
honor-x5c-64gb,https://files.catbox.moe/objsng.png
honor-x5c-plus-128gb,https://files.catbox.moe/4tpbds.png
honor-x6c-black,https://files.catbox.moe/5gd9so.png
honor-x7d-256gb,https://files.catbox.moe/1x8vf0.png
honor-x9d-256gb-gold,https://files.catbox.moe/mozlk8.png
huawei-nova-14i,https://files.catbox.moe/hxoy7c.png
huawei-nova-y63-black,https://files.catbox.moe/gaudno.png
huawei-y73s-128gb,https://files.catbox.moe/2nlf4b.png
mobicel-f42-32gb,https://files.catbox.moe/bz91le.png
mobicel-f52-32gb-dual-sim,https://files.catbox.moe/tbn62h.png
mobicel-p12-plus,https://files.catbox.moe/5qxeig.png
mobicel-spectra-j2-64gb,https://files.catbox.moe/fjcwy6.png
motorola-edge-2025-deep-forest,https://files.catbox.moe/3my5i7.png
motorola-moto-g-play-2026-tapestry,https://files.catbox.moe/jdf6xh.png
motorola-moto-g-stylus-2026-coal-smoke,https://files.catbox.moe/i0y1ky.png
motorola-moto-g85-5g-grey,https://files.catbox.moe/xgecbj.png
motorola-moto-pad-2026-bronze-green,https://files.catbox.moe/xql2vv.png
motorola-razr-2025-gibraltar-sea,https://files.catbox.moe/gm72yg.png
motorola-razr-2026-hematite,https://files.catbox.moe/fp49cr.png
motorola-razr-plus-2025-mocha-mousse,https://files.catbox.moe/nexst7.png
motorola-razr-plus-2026-mountain-view,https://files.catbox.moe/39ae5g.png
motorola-razr-swarovski-ice-melt,https://files.catbox.moe/ybhsi8.png
motorola-razr-ultra-2025-cabaret,https://files.catbox.moe/iqgi10.png
nokia-105-mtn,https://files.catbox.moe/pu6y40.png
oppo-a6x-64gb-purple,https://files.catbox.moe/x9qtti.png
realme-c71-128gb,https://files.catbox.moe/u67uyi.png
samsung-galaxy-a06-64gb,https://files.catbox.moe/lo67f6.png
samsung-galaxy-a07-128gb,https://files.catbox.moe/7a8k3o.png
samsung-galaxy-a16,https://files.catbox.moe/ocox07.png
samsung-galaxy-a17-5g-black,https://files.catbox.moe/ovkwiq.png
samsung-galaxy-a36-5g-black,https://files.catbox.moe/jwvsl1.png
samsung-galaxy-a37-5g-charcoal,https://files.catbox.moe/nsldyr.png
samsung-galaxy-a57-5g-navy,https://files.catbox.moe/egblua.png
samsung-galaxy-s25-edge-jetblack,https://files.catbox.moe/t84570.png
samsung-galaxy-s25-fe-navy,https://files.catbox.moe/s92g2l.png
samsung-galaxy-s25-plus-navy,https://files.catbox.moe/ra1rin.png
samsung-galaxy-s25-silver-shadow,https://files.catbox.moe/lsggrq.png
samsung-galaxy-s25-ultra-titanium-silverblue,https://files.catbox.moe/bmk1b0.png
samsung-galaxy-s26-cobalt-violet,https://files.catbox.moe/zwxgg9.png
samsung-galaxy-s26-plus-cobalt-violet,https://files.catbox.moe/912mgw.png
samsung-galaxy-s26-ultra-black,https://files.catbox.moe/rh6wq6.png
samsung-galaxy-tab-a11-plus-5g-gray,https://files.catbox.moe/t55nlr.png
samsung-galaxy-tab-a9-plus-5g-graphite,https://files.catbox.moe/2vm1sr.png
samsung-galaxy-tab-s10-fe-5g-cool-gray,https://files.catbox.moe/dsjbk3.png
samsung-galaxy-xcover7-pro-5g-black,https://files.catbox.moe/c4zdi1.png
samsung-galaxy-z-flip8-pink,https://files.catbox.moe/8j77pt.png
samsung-galaxy-z-fold7-jetblack,https://files.catbox.moe/37igy3.png
samsung-galaxy-z-fold8-lavender,https://files.catbox.moe/0jx55u.png
samsung-galaxy-z-fold8-ultra-graphite,https://files.catbox.moe/bmzujy.png
sonim-xp-pro-black,https://files.catbox.moe/u5apws.png
sonim-xp3-plus-5g-black,https://files.catbox.moe/td0nci.png
sonim-xp3-plus-5g-non-camera-black,https://files.catbox.moe/3tu0qq.png
tcl-flip-4-5g-stone-gray,https://files.catbox.moe/au4epv.png
tcl-nxtpaper-70-pro-stellar-blue,https://files.catbox.moe/jn82np.png
tmobile-revvl-8-icy-silver,https://files.catbox.moe/swh19j.png
tmobile-revvl-8-pro-graphite,https://files.catbox.moe/xgl00f.png
tmobile-revvl-tab-2-black,https://files.catbox.moe/d4pkto.png
xiaomi-redmi-15-gold,https://files.catbox.moe/q72kbl.png
xiaomi-redmi-15c-128gb,https://files.catbox.moe/l46lf3.png
xiaomi-redmi-a7-pro-128gb,https://files.catbox.moe/f13hwk.png
xiaomi-redmi-note-15-128gb,https://files.catbox.moe/n0l6qb.png
xiaomi-redmi-note-15-pro,https://files.catbox.moe/oca1ta.png
