slug,source
apple-iphone-15-black,Products\www.t-mobile.com_02f32a6d-2f50-46bf-8d25-8813aa980bba\Apple-iPhone-15-Black-thumbnail.png
apple-iphone-16-black,Products\www.t-mobile.com_02f32a6d-2f50-46bf-8d25-8813aa980bba\Apple-iPhone-16-Black-thumbnail.png
apple-iphone-16-plus-black,Products\www.t-mobile.com_02f32a6d-2f50-46bf-8d25-8813aa980bba\Apple-iPhone-16-Plus-Black-thumbnail.png
apple-iphone-16e-white,Products\www.t-mobile.com_02f32a6d-2f50-46bf-8d25-8813aa980bba\Apple-iPhone-16e-White-thumbnail.png
apple-iphone-16e-black,Products\pepcell.com_681e9f7c-d3d6-4f73-bb6c-89bb422d7358\iphone_16e_black_frontandback.png
apple-iphone-17-lavender,Products\www.t-mobile.com_02f32a6d-2f50-46bf-8d25-8813aa980bba\Apple-iPhone-17-Lavender-thumbnail.png
apple-iphone-17-pro-cosmic-orange,Products\www.t-mobile.com_02f32a6d-2f50-46bf-8d25-8813aa980bba\Apple-iPhone-17-Pro-Cosmic-Orange-thumbnail_v1.png
apple-iphone-17-pro-max-cosmic-orange,Products\www.t-mobile.com_02f32a6d-2f50-46bf-8d25-8813aa980bba\Apple-iPhone-17-Pro-Max-Cosmic-Orange-thumbnail.png
apple-iphone-17e-soft-pink,Products\www.t-mobile.com_02f32a6d-2f50-46bf-8d25-8813aa980bba\Apple-iPhone-17e-Soft-Pink-thumbnail.png
apple-iphone-air-sky-blue,Products\www.t-mobile.com_02f32a6d-2f50-46bf-8d25-8813aa980bba\Apple-iPhone-Air-Sky-Blue-thumbnail.png
apple-ipad-a16-blue,Products\www.t-mobile.com_cf64d207-0faa-4ced-a5b3-8a30a4466f17\Apple-iPad-A16-Blue-thumbnail.png
apple-ipad-air-11-m4-blue,Products\www.t-mobile.com_cf64d207-0faa-4ced-a5b3-8a30a4466f17\Apple-iPad-Air-11-inch-M4-Blue-thumbnail.png
apple-ipad-air-13-m3-space-gray,Products\www.t-mobile.com_cf64d207-0faa-4ced-a5b3-8a30a4466f17\Apple-iPad-Air-13-inch-M3-Space-Gray-thumbnail.png
apple-ipad-air-13-m4-blue,Products\www.t-mobile.com_cf64d207-0faa-4ced-a5b3-8a30a4466f17\Apple-iPad-Air-13-inch-M4-Blue-thumbnail.png
apple-ipad-mini-7-purple,Products\www.t-mobile.com_cf64d207-0faa-4ced-a5b3-8a30a4466f17\Apple-iPad-mini-7th-gen-Purple-thumbnail.png
apple-ipad-pro-11-m5-space-black,Products\www.t-mobile.com_cf64d207-0faa-4ced-a5b3-8a30a4466f17\Apple-iPad-Pro-11-inch-M5-Space-Black-thumbnail.png
apple-ipad-pro-13-m5-space-black,Products\www.t-mobile.com_cf64d207-0faa-4ced-a5b3-8a30a4466f17\Apple-iPad-Pro-13-inch-M5-Space-Black-thumbnail.png
samsung-galaxy-s25-silver-shadow,Products\www.t-mobile.com_02f32a6d-2f50-46bf-8d25-8813aa980bba\Samsung-Galaxy-S25-Silver-Shadow-thumbnail.png
samsung-galaxy-s25-plus-navy,Products\www.t-mobile.com_02f32a6d-2f50-46bf-8d25-8813aa980bba\Samsung-Galaxy-S25-Plus-Navy-thumbnail.png
samsung-galaxy-s25-ultra-titanium-silverblue,Products\www.t-mobile.com_02f32a6d-2f50-46bf-8d25-8813aa980bba\Samsung-Galaxy-S25-Ultra-Titanium-Silverblue-thumbnail.png
samsung-galaxy-s25-fe-navy,Products\www.t-mobile.com_02f32a6d-2f50-46bf-8d25-8813aa980bba\Samsung-Galaxy-S25-FE-Navy-thumbnail.png
samsung-galaxy-s25-edge-jetblack,Products\www.t-mobile.com_02f32a6d-2f50-46bf-8d25-8813aa980bba\Samsung-Galaxy-S25-Edge-Titanium-Jetblack-thumbnail.png
samsung-galaxy-s26-cobalt-violet,Products\www.t-mobile.com_02f32a6d-2f50-46bf-8d25-8813aa980bba\Samsung-Galaxy-S26-Cobalt-Violet-thumbnail.png
samsung-galaxy-s26-plus-cobalt-violet,Products\www.t-mobile.com_02f32a6d-2f50-46bf-8d25-8813aa980bba\Samsung-Galaxy-S26-Plus-Cobalt-Violet-thumbnail.png
samsung-galaxy-s26-ultra-black,Products\www.t-mobile.com_02f32a6d-2f50-46bf-8d25-8813aa980bba\Samsung-Galaxy-S26-Ultra-Black-thumbnail.png
samsung-galaxy-a06-64gb,Products\pepcell.com_681e9f7c-d3d6-4f73-bb6c-89bb422d7358\samsung-galaxy-a06-64gb-fb.png
samsung-galaxy-a07-128gb,Products\pepcell.com_681e9f7c-d3d6-4f73-bb6c-89bb422d7358\samsung-galaxy-a07-128gb-fb-eru10_1f11d7ab-85f7-4edb-9473-401ee053afd6.png
samsung-galaxy-a16,Products\pepcell.com_681e9f7c-d3d6-4f73-bb6c-89bb422d7358\samsung_galaxy_a16_9698b432-7714-4bb2-9d7a-95c4f40a2792.png
samsung-galaxy-a17-5g-black,Products\pepcell.com_681e9f7c-d3d6-4f73-bb6c-89bb422d7358\samsung-a17-black-fb.png
samsung-galaxy-a36-5g-black,Products\www.t-mobile.com_02f32a6d-2f50-46bf-8d25-8813aa980bba\Samsung-Galaxy-A36-5G-Awesome-Black-thumbnail.png
samsung-galaxy-a37-5g-charcoal,Products\www.t-mobile.com_02f32a6d-2f50-46bf-8d25-8813aa980bba\Samsung-Galaxy-A37-5G-Awesome-Charcoal-thumbnail.png
samsung-galaxy-a57-5g-navy,Products\www.t-mobile.com_02f32a6d-2f50-46bf-8d25-8813aa980bba\Samsung-Galaxy-A57-5G-Awesome-Navy-thumbnail.png
samsung-galaxy-z-fold7-jetblack,Products\www.t-mobile.com_02f32a6d-2f50-46bf-8d25-8813aa980bba\Samsung-Galaxy-Z-Fold7-Jetblack-thumbnail.png
samsung-galaxy-z-fold8-lavender,Products\www.t-mobile.com_02f32a6d-2f50-46bf-8d25-8813aa980bba\Samsung-Galaxy-Z-Fold8-Lavender-thumbnail.png
samsung-galaxy-z-fold8-ultra-graphite,Products\www.t-mobile.com_02f32a6d-2f50-46bf-8d25-8813aa980bba\Samsung-Galaxy-Z-Fold8-Ultra-Graphite-thumbnail.png
samsung-galaxy-z-flip8-pink,Products\www.t-mobile.com_02f32a6d-2f50-46bf-8d25-8813aa980bba\Samsung-Galaxy-Z-Flip8-Pink-thumbnail.png
samsung-galaxy-xcover7-pro-5g-black,Products\www.t-mobile.com_02f32a6d-2f50-46bf-8d25-8813aa980bba\Samsung-Galaxy-XCover7-Pro-5G-Black-thumbnail-1.png
samsung-galaxy-tab-a9-plus-5g-graphite,Products\www.t-mobile.com_cf64d207-0faa-4ced-a5b3-8a30a4466f17\Samsung-Galaxy-Tab-A9-Plus-5G-Graphite-thumbnail.png
samsung-galaxy-tab-a11-plus-5g-gray,Products\www.t-mobile.com_cf64d207-0faa-4ced-a5b3-8a30a4466f17\Samsung-Galaxy-Tab-A11-Plus-5G-Gray-thumbnail.png
samsung-galaxy-tab-s10-fe-5g-cool-gray,Products\www.t-mobile.com_cf64d207-0faa-4ced-a5b3-8a30a4466f17\Samsung-Galaxy-Tab-S10-FE-5G-Cool-Gray-thumbnail.png
google-pixel-9-obsidian,Products\www.t-mobile.com_02f32a6d-2f50-46bf-8d25-8813aa980bba\Google-Pixel-9-Obsidian-thumbnail_v1.png
google-pixel-9a-iris,Products\www.t-mobile.com_02f32a6d-2f50-46bf-8d25-8813aa980bba\Google-Pixel-9a-Iris-thumbnail_v3.png
google-pixel-10-indigo,Products\www.t-mobile.com_02f32a6d-2f50-46bf-8d25-8813aa980bba\Google-Pixel-10-Indigo-thumbnail.png
google-pixel-10a-lavender,Products\www.t-mobile.com_02f32a6d-2f50-46bf-8d25-8813aa980bba\Google-Pixel-10a-Lavender-thumbnail.png
google-pixel-10-pro-fold-moonstone,Products\www.t-mobile.com_02f32a6d-2f50-46bf-8d25-8813aa980bba\Google-Pixel-10-Pro-Fold-Moonstone-thumbnail.png
google-pixel-10-pro-xl-moonstone,Products\www.t-mobile.com_02f32a6d-2f50-46bf-8d25-8813aa980bba\Google-Pixel-10-Pro-XL-Moonstone-thumbnail.png
google-pixel-11-frost,Products\www.t-mobile.com_02f32a6d-2f50-46bf-8d25-8813aa980bba\Google-Pixel-11-Frost-thumbnail.png
google-pixel-11-pro-canyon,Products\www.t-mobile.com_02f32a6d-2f50-46bf-8d25-8813aa980bba\Google-Pixel-11-Pro-Canyon-thumbnail.png
google-pixel-11-pro-fold-obsidian,Products\www.t-mobile.com_02f32a6d-2f50-46bf-8d25-8813aa980bba\Google-Pixel-11-Pro-Fold-Obsidian-thumbnail.png
google-pixel-11-pro-xl-obsidian,Products\www.t-mobile.com_02f32a6d-2f50-46bf-8d25-8813aa980bba\Google-Pixel-11-Pro-XL-Obsidian-thumbnail.png
motorola-edge-2025-deep-forest,Products\www.t-mobile.com_02f32a6d-2f50-46bf-8d25-8813aa980bba\Motorola-edge-2025-PANTIONE-Deep-Forest-thumbnail.png
motorola-moto-g-play-2026-tapestry,Products\www.t-mobile.com_02f32a6d-2f50-46bf-8d25-8813aa980bba\Motorola-moto-g-play-2026-PANTONE-Tapestry-thumbnail.png
motorola-moto-g-stylus-2026-coal-smoke,Products\www.t-mobile.com_02f32a6d-2f50-46bf-8d25-8813aa980bba\Motorola-moto-g-stylus-2026-PANTONE-Coal-Smoke-thumbnail.png
motorola-moto-g85-5g-grey,Products\pepcell.com_681e9f7c-d3d6-4f73-bb6c-89bb422d7358\motorola-g85-5g-256gb-fb-grey-erp23.png
motorola-razr-2025-gibraltar-sea,Products\www.t-mobile.com_02f32a6d-2f50-46bf-8d25-8813aa980bba\Motorola-razr-2025-PANTONE-Gibraltar-Sea-thumbnail_v1.png
motorola-razr-2026-hematite,Products\www.t-mobile.com_02f32a6d-2f50-46bf-8d25-8813aa980bba\Motorola-razr-2026-PANTONE-Hematite-thumbnail.png
motorola-razr-plus-2025-mocha-mousse,Products\www.t-mobile.com_02f32a6d-2f50-46bf-8d25-8813aa980bba\Motorola-razr-Plus-2025-PANTONE-Mocha-Mousse-thumbnail.png
motorola-razr-plus-2026-mountain-view,Products\www.t-mobile.com_02f32a6d-2f50-46bf-8d25-8813aa980bba\Motorola-razr-Plus-2026-PANTONE-Mountain-View-thumbnail.png
motorola-razr-swarovski-ice-melt,Products\www.t-mobile.com_02f32a6d-2f50-46bf-8d25-8813aa980bba\Motorola-razr-Swarovski-PANTONE-Ice-Melt-thumbnail.png
motorola-razr-ultra-2025-cabaret,Products\www.t-mobile.com_02f32a6d-2f50-46bf-8d25-8813aa980bba\Motorola-razr-ultra-2025-PANTONE-Cabaret-thumbnail.png
motorola-moto-pad-2026-bronze-green,Products\www.t-mobile.com_cf64d207-0faa-4ced-a5b3-8a30a4466f17\Motorola-moto-pad-2026-PANTONE-Bronze-Green-thumbnail.png
tmobile-revvl-8-icy-silver,Products\www.t-mobile.com_02f32a6d-2f50-46bf-8d25-8813aa980bba\T-Mobile-Revvl-8-Icy-Silver-thumbnail.png
tmobile-revvl-8-pro-graphite,Products\www.t-mobile.com_02f32a6d-2f50-46bf-8d25-8813aa980bba\T-Mobile-Revvl-8-Pro-Graphite-Gray-thumbnail.png
tmobile-revvl-tab-2-black,Products\www.t-mobile.com_cf64d207-0faa-4ced-a5b3-8a30a4466f17\T-Mobile-Revvl-Tab-2-Black-thumbnail.png
tcl-nxtpaper-70-pro-stellar-blue,Products\www.t-mobile.com_02f32a6d-2f50-46bf-8d25-8813aa980bba\TCL-NXTPAPER-70-Pro-Stellar-Blue-thumbnail.png
tcl-flip-4-5g-stone-gray,Products\www.t-mobile.com_02f32a6d-2f50-46bf-8d25-8813aa980bba\TCL-FLIP-4-5G-Stone-Gray-thumbnail.png
sonim-xp3-plus-5g-black,Products\www.t-mobile.com_02f32a6d-2f50-46bf-8d25-8813aa980bba\Sonim-XP3plus-5G-Black-thumbnail.png
sonim-xp3-plus-5g-non-camera-black,Products\www.t-mobile.com_02f32a6d-2f50-46bf-8d25-8813aa980bba\Sonim-XP3plus-5G-Non-Camera-Version-Black-thumbnail.png
sonim-xp-pro-black,Products\www.t-mobile.com_02f32a6d-2f50-46bf-8d25-8813aa980bba\Sonim-XP-Pro-Black-thumbnail.png
xiaomi-redmi-note-15-pro,Products\pepcell.com_681e9f7c-d3d6-4f73-bb6c-89bb422d7358\xiaomi-redmi-note-15-pro-fb.png
xiaomi-redmi-note-15-128gb,Products\pepcell.com_681e9f7c-d3d6-4f73-bb6c-89bb422d7358\xiaomi-redmi-note-15-128gb-dual-sim-euv09-1.png
xiaomi-redmi-15-gold,Products\pepcell.com_681e9f7c-d3d6-4f73-bb6c-89bb422d7358\xiaomi-redmi-15-gold-fb.png
xiaomi-redmi-15c-128gb,Products\pepcell.com_681e9f7c-d3d6-4f73-bb6c-89bb422d7358\xiaomi-redmi-15c-128gb-dual-sim-fb.png
xiaomi-redmi-a7-pro-128gb,Products\pepcell.com_681e9f7c-d3d6-4f73-bb6c-89bb422d7358\xiaomi-redmi-a7-pro-128gb-fb.png
realme-c71-128gb,Products\pepcell.com_681e9f7c-d3d6-4f73-bb6c-89bb422d7358\realme-c71-128gb-dual-sim-fb.png
oppo-a6x-64gb-purple,Products\pepcell.com_681e9f7c-d3d6-4f73-bb6c-89bb422d7358\oppo-a6x-64gb-purple-front-back.png
huawei-nova-14i,Products\pepcell.com_681e9f7c-d3d6-4f73-bb6c-89bb422d7358\huawei-nova-14i-fb.png
huawei-nova-y63-black,Products\pepcell.com_681e9f7c-d3d6-4f73-bb6c-89bb422d7358\huawei-nova-y63-black-fb.png
huawei-y73s-128gb,Products\pepcell.com_681e9f7c-d3d6-4f73-bb6c-89bb422d7358\huawei-y73s-128gb-dual-sim-fb.png
honor-x9d-256gb-gold,Products\pepcell.com_681e9f7c-d3d6-4f73-bb6c-89bb422d7358\honor-x9d-256gb-dual-sim-gold-euv11-1.png
honor-x7d-256gb,Products\pepcell.com_681e9f7c-d3d6-4f73-bb6c-89bb422d7358\honor-x7d-256gb-front-1.png
honor-x6c-black,Products\pepcell.com_681e9f7c-d3d6-4f73-bb6c-89bb422d7358\honor-x6c-black-fb.png
honor-x5c-plus-128gb,Products\pepcell.com_681e9f7c-d3d6-4f73-bb6c-89bb422d7358\honor-x5c-plus-128gb-fb_d6837156-19c2-48fc-8066-cd294f522062.png
honor-x5c-64gb,Products\pepcell.com_681e9f7c-d3d6-4f73-bb6c-89bb422d7358\honor-x5c-64gb-fb_9abd534e-4b73-403a-a507-c64e377b81ab.png
hisense-e72-128gb,Products\pepcell.com_681e9f7c-d3d6-4f73-bb6c-89bb422d7358\hisense-e72-128b-fb-ero99.png
hisense-h72-pro-256gb,Products\pepcell.com_681e9f7c-d3d6-4f73-bb6c-89bb422d7358\hisense-h72-pro-256gb-fb.png
hisense-t2-64gb,Products\pepcell.com_681e9f7c-d3d6-4f73-bb6c-89bb422d7358\hisense-t2-64gb-fb.png
hisense-u207,Products\pepcell.com_681e9f7c-d3d6-4f73-bb6c-89bb422d7358\hisense-u207-front.png
hmd-key-32gb,Products\pepcell.com_681e9f7c-d3d6-4f73-bb6c-89bb422d7358\hmd-key-32gb-front-back.png
nokia-105-mtn,Products\pepcell.com_681e9f7c-d3d6-4f73-bb6c-89bb422d7358\nokia-105-mtn-front-image.png
mobicel-p12-plus,Products\pepcell.com_681e9f7c-d3d6-4f73-bb6c-89bb422d7358\mobicel-p12-plus-fb.png
mobicel-f52-32gb-dual-sim,Products\pepcell.com_681e9f7c-d3d6-4f73-bb6c-89bb422d7358\mobicel-f52-32gb-dual-sim-fb_64737028-89e9-46b0-bc30-13fa0473b158.png
mobicel-f42-32gb,Products\pepcell.com_681e9f7c-d3d6-4f73-bb6c-89bb422d7358\mobicel-f42-32gb-fb.png
mobicel-spectra-j2-64gb,Products\pepcell.com_681e9f7c-d3d6-4f73-bb6c-89bb422d7358\spectra-j2-dual-sim-64gb-fb.png